{
  "build": {
    "arduino": {
      "ldscript": "esp32_out.ld"
    },
    "core": "esp32",
    "extra_flags": [
      "'-D ARDUINO_ESP32_DEV'",
      "'-D ESP32_2432S024R'",
      "'-D DISPLAY_WIDTH=240'",
      "'-D DISPLAY_HEIGHT=320'",
      "'-D LVGL_BUFFER_PIXELS=(DISPLAY_WIDTH*DISPLAY_HEIGHT/4)'",
      "'-D LVGL_BUFFER_MALLOC_FLAGS=(MALLOC_CAP_INTERNAL|MALLOC_CAP_8BIT)'",
      "'-D GPIO_BCKL=27'",
      "'-D DISPLAY_ILI9341_SPI'",
      "'-D ILI9341_SPI_HOST=SPI2_HOST'",
      "'-D ILI9341_SPI_DMA_CHANNEL=SPI_DMA_CH_AUTO'",      
      "'-D ILI9341_SPI_BUS_MOSI_IO_NUM=13'",
      "'-D ILI9341_SPI_BUS_MISO_IO_NUM=12'",
      "'-D ILI9341_SPI_BUS_SCLK_IO_NUM=14'",
      "'-D ILI9341_SPI_BUS_QUADWP_IO_NUM=GPIO_NUM_NC'",
      "'-D ILI9341_SPI_BUS_QUADHD_IO_NUM=GPIO_NUM_NC'",
      "'-D ILI9341_SPI_BUS_MAX_TRANSFER_SZ=(LVGL_BUFFER_PIXELS*sizeof(lv_color16_t))'",
      "'-D ILI9341_SPI_BUS_FLAGS=0'",
      "'-D ILI9341_SPI_BUS_INTR_FLAGS=0'",
      "'-D ILI9341_SPI_CONFIG_CS_GPIO_NUM=15'",
      "'-D ILI9341_SPI_CONFIG_DC_GPIO_NUM=2'",
      "'-D ILI9341_SPI_CONFIG_SPI_MODE=SPI_MODE0'",
      "'-D ILI9341_SPI_CONFIG_PCLK_HZ=24000000'",
      "'-D ILI9341_SPI_CONFIG_TRANS_QUEUE_DEPTH=10'",
      "'-D ILI9341_SPI_CONFIG_LCD_CMD_BITS=8'",
      "'-D ILI9341_SPI_CONFIG_LCD_PARAM_BITS=8'",
      "'-D ILI9341_SPI_CONFIG_FLAGS_DC_AS_CMD_PHASE=false'",
      "'-D ILI9341_SPI_CONFIG_FLAGS_DC_LOW_ON_DATA=false'",
      "'-D ILI9341_SPI_CONFIG_FLAGS_OCTAL_MODE=false'",
      "'-D ILI9341_SPI_CONFIG_FLAGS_LSB_FIRST=false'",
      "'-D ILI9341_DEV_CONFIG_RESET_GPIO_NUM=GPIO_NUM_NC'",
      "'-D ILI9341_DEV_CONFIG_COLOR_SPACE=ESP_LCD_COLOR_SPACE_BGR'",
      "'-D ILI9341_DEV_CONFIG_BITS_PER_PIXEL=16'",
      "'-D ILI9341_DEV_CONFIG_FLAGS_RESET_ACTIVE_HIGH=false'",
      "'-D ILI9341_DEV_CONFIG_VENDOR_CONFIG=NULL'",
      "'-D DISPLAY_SWAP_XY=false'",
      "'-D DISPLAY_MIRROR_X=true'",
      "'-D DISPLAY_MIRROR_Y=false'",
      "'-D BOARD_HAS_TOUCH'",
      "'-D CONFIG_ESP_LCD_TOUCH_MAX_POINTS=1'",
      "'-D CONFIG_ESP_LCD_TOUCH_MAX_BUTTONS=0'",
      "'-D TOUCH_XPT2046_SPI'",
      "'-D XPT2046_Z_THRESHOLD=600'",
      "'-D XPT2046_SPI_HOST=SPI2_HOST'",
      "'-D XPT2046_SPI_DMA_CHANNEL=SPI_DMA_CH_AUTO'",      
      "'-D XPT2046_SPI_BUS_MOSI_IO_NUM=13'",
      "'-D XPT2046_SPI_BUS_MISO_IO_NUM=12'",
      "'-D XPT2046_SPI_BUS_SCLK_IO_NUM=14'",
      "'-D XPT2046_SPI_BUS_QUADWP_IO_NUM=GPIO_NUM_NC'",
      "'-D XPT2046_SPI_BUS_QUADHD_IO_NUM=GPIO_NUM_NC'",
      "'-D XPT2046_SPI_CONFIG_CS_GPIO_NUM=33'",
      "'-D XPT2046_SPI_CONFIG_DC_GPIO_NUM=GPIO_NUM_NC'",
      "'-D XPT2046_SPI_CONFIG_SPI_MODE=SPI_MODE0'",
      "'-D XPT2046_SPI_CONFIG_PCLK_HZ=2000000'",
      "'-D XPT2046_SPI_CONFIG_TRANS_QUEUE_DEPTH=3'",
      "'-D XPT2046_SPI_CONFIG_LCD_CMD_BITS=8'",
      "'-D XPT2046_SPI_CONFIG_LCD_PARAM_BITS=8'",
      "'-D XPT2046_SPI_CONFIG_FLAGS_DC_AS_CMD_PHASE=false'",
      "'-D XPT2046_SPI_CONFIG_FLAGS_DC_LOW_ON_DATA=false'",
      "'-D XPT2046_SPI_CONFIG_FLAGS_OCTAL_MODE=false'",
      "'-D XPT2046_SPI_CONFIG_FLAGS_LSB_FIRST=false'",
      "'-D XPT2046_TOUCH_CONFIG_X_MAX=DISPLAY_WIDTH'",
      "'-D XPT2046_TOUCH_CONFIG_Y_MAX=DISPLAY_HEIGHT'",
      "'-D XPT2046_TOUCH_CONFIG_RST_GPIO_NUM=GPIO_NUM_NC'",
      "'-D XPT2046_TOUCH_CONFIG_INT_GPIO_NUM=36'",
      "'-D XPT2046_TOUCH_CONFIG_LEVELS_RESET=0'",
      "'-D XPT2046_TOUCH_CONFIG_LEVELS_INTERRUPT=0'",
      "'-D TOUCH_SWAP_XY=false'",
      "'-D TOUCH_MIRROR_X=true'",
      "'-D TOUCH_MIRROR_Y=false'",
      "'-D BOARD_HAS_TF'",
      "'-D TF_CS=5'",
      "'-D TF_SPI_MOSI=23'",
      "'-D TF_SPI_SCLK=18'",
      "'-D TF_SPI_MISO=19'",
      "'-D BOARD_HAS_RGB_LED'",
      "'-D RGB_LED_R=4'",
      "'-D RGB_LED_G=16'",
      "'-D RGB_LED_B=17'",
      "'-D BOARD_HAS_CDS'",
      "'-D CDS=34'",
      "'-D BOARD_HAS_SPEAK'",
      "'-D SPEAK=26'"
    ],
    "f_cpu": "240000000L",
    "f_flash": "40000000L",
    "flash_mode": "dio",
    "mcu": "esp32",
    "variant": "esp32"
  },
  "connectivity": [
    "wifi",
    "bluetooth",
    "ethernet",
    "can"
  ],
  "debug": {
    "openocd_board": "esp-wroom-32.cfg"
  },
  "frameworks": [
    "arduino",
    "espidf"
  ],
  "name": "esp32-2432S024R",
  "upload": {
    "flash_size": "4MB",
    "maximum_ram_size": 327680,
    "maximum_size": 4194304,
    "require_upload_port": true,
    "speed": 460800
  },
  "url": "https://www.aliexpress.com/item/1005005865107357.html",
  "vendor": "Sunton"
}